participant_id,accuracy,n_responses,started_at,finished_at,pre_confidence,pre_training,user_type,years_experience,art_mediums,ai_familiarity,ai_frequency,difficulty,visual_cues,hardest_styles,labeling_importance,encountered_unlabeled,concerns,detection_value,visibility_impact,emotions,additional_comments,artist_category
021f72ffd608,0.8,10,2025-11-15T20:51:50.657573+00:00,2025-11-15T20:52:04.107011+00:00,Very confident - I can usually tell immediately,"Yes, informal (videos, articles, social media)",AI researcher or developer,4-7 years,"Digital art,Other",Used them a few times,Sometimes,Easy,"Anatomy issues (e.g., hands, faces),Level of detail/smoothness,Texture/brushstrokes",Abstract art,Very important,"Yes, rarely","AI training on work without permission,Copyright concerns,Difficulty proving originality",Somewhat valuable,No change,Curiosity,,Non-Artist
02a793b56ddc,0.7142857142857143,14,2025-11-16T18:07:44.520844+00:00,2025-11-16T18:07:46.402774+00:00,Very confident - I can usually tell immediately,No,Professional designer,1-3 years,Other,Used them a few times,Often,Moderate,"Anatomy issues (e.g., hands, faces),Repetitive patterns,Level of detail/smoothness","Anime/illustrations,Paintings",Somewhat important,"No, never","Copyright concerns,AI training on work without permission,Difficulty proving originality",Somewhat valuable,No change,"Surprise,Curiosity",,Artist
04cdaa68d52b,0.8,10,2025-11-16T15:54:07.447830+00:00,2025-11-16T15:54:09.329872+00:00,Not very confident,No,Hobbyist / art student,4-7 years,"Traditional painting,Sketching",Never used AI art tools,Very frequently,Moderate,"Content/Subject matter,Unusual lighting or shadows,Anatomy issues (e.g., hands, faces),Overall 'uncanny' feeling",Abstract art,Extremely important,"Yes, frequently","AI content flooding platforms,Copyright concerns,AI training on work without permission",Very valuable,Unsure,Indifference,,Artist
0793fe2f8d78,0.6875,16,2025-11-17T12:59:01.011793+00:00,2025-11-17T12:59:17.851804+00:00,Somewhat confident,No,Hobbyist / art student,,Mixed media,Never used AI art tools,Often,Moderate,"Anatomy issues (e.g., hands, faces)","Anime/illustrations,Paintings",Extremely important,Unsure,"Devaluation of human creativity,AI content flooding platforms,Copyright concerns,AI training on work without permission",Very valuable,,Surprise,,Artist
1406748dafc9,0.8,10,2025-11-17T15:21:46.578803+00:00,2025-11-17T15:22:01.609810+00:00,Somewhat confident,No,Professional designer,4-7 years,"Traditional painting,Sketching,Digital art",Used them a few times,Sometimes,Moderate,"Anatomy issues (e.g., hands, faces),Texture/brushstrokes,Technical skill displayed,Text/writing artifacts,Overall 'uncanny' feeling",Abstract art,Extremely important,"Yes, occasionally","AI training on work without permission,Difficulty proving originality,Devaluation of human creativity",Very valuable,Unsure,"Frustration,Indifference",,Artist
148715b14544,0.7,10,2025-11-16T14:59:08.334257+00:00,2025-11-16T14:59:25.113982+00:00,Very confident - I can usually tell immediately,No,Professional artist,8-15 years,"Mixed media,Traditional painting,Digital art",Used them a few times,Very frequently,Moderate,"Content/Subject matter,Anatomy issues (e.g., hands, faces),Overall 'uncanny' feeling","Abstract art,Paintings",Extremely important,"Yes, occasionally","Copyright concerns,Other",Very valuable,Unsure,Surprise,,Artist
19eaa80efc7c,0.8181818181818182,11,2025-11-17T21:39:43.173613+00:00,2025-11-17T21:40:08.459879+00:00,Somewhat confident,No,Hobbyist / art student,Less than 1 year,Digital art,Used them a few times,Never,Easy,"Anatomy issues (e.g., hands, faces),Level of detail/smoothness,Overall 'uncanny' feeling",Abstract art,Somewhat important,"Yes, occasionally","AI training on work without permission,Difficulty proving originality,AI content flooding platforms,Devaluation of human creativity",Somewhat valuable,Not applicable,Indifference,,Artist
1a19a1ebab98,0.5454545454545454,11,2025-11-16T15:17:57.459144+00:00,2025-11-16T15:18:40.628369+00:00,Somewhat confident,No,Hobbyist / art student,8-15 years,"Mixed media,Digital art,Sketching",Used them a few times,Rarely,Moderate,"Unusual lighting or shadows,Texture/brushstrokes,Text/writing artifacts",Anime/illustrations,Somewhat important,Unsure,"AI training on work without permission,Copyright concerns,Difficulty proving originality",Very valuable,No change,Indifference,,Artist
1feb76147398,0.5,10,2025-11-19T00:37:33.483575+00:00,2025-11-19T00:37:56.698091+00:00,Not very confident,"Yes, formal training",AI researcher or developer,Less than 1 year,"Digital art,Mixed media",Regular user,Often,Very difficult,"Unnatural colours / saturation,Composition or perspective,Level of detail/smoothness,Overall 'uncanny' feeling","Anime/illustrations,Paintings",Somewhat important,"Yes, occasionally","Difficulty proving originality,Copyright concerns,AI content flooding platforms",Somewhat valuable,Somewhat increased,"Surprise,Curiosity","The overall experience was very interesting and surprising, hard to detect whether itâ€™s AI generated or Human art. Perhaps the resolution of images could be improved to make it easier to detect. ",Non-Artist
200706610da9,0.4,10,2025-11-18T14:30:43.541716+00:00,2025-11-18T14:39:42.240435+00:00,Not confident at all - I can rarely tell,No,Other,15+ years,Photography,Used them a few times,Never,Moderate,Level of detail/smoothness,Abstract art,Somewhat important,Unsure,Devaluation of human creativity,Somewhat valuable,No change,Surprise,,Non-Artist
26010cfd7374,0.6,10,2025-11-23T23:14:18.099305+00:00,2025-11-23T23:14:19.977083+00:00,Very confident - I can usually tell immediately,"Yes, informal (videos, articles, social media)",Hobbyist / art student,4-7 years,Digital art,Used them a few times,Sometimes,Moderate,"Unusual lighting or shadows,Anatomy issues (e.g., hands, faces),Texture/brushstrokes,Text/writing artifacts","Paintings,Sketches",Extremely important,"Yes, frequently","AI training on work without permission,Difficulty proving originality,AI content flooding platforms,Copyright concerns",Somewhat valuable,Somewhat decreased,Surprise,,Artist
2c61eb2ef5a7,0.3333333333333333,12,2025-11-23T13:13:40.191088+00:00,2025-11-23T13:13:42.081414+00:00,Somewhat confident,"Yes, informal (videos, articles, social media)",Hobbyist / art student,1-3 years,Traditional painting,Never used AI art tools,Rarely,Difficult,Unnatural colours / saturation,Sketches,Somewhat important,Unsure,AI content flooding platforms,Unsure,Not applicable,Surprise,,Artist
2d48e1d77b22,0.7,10,2025-11-19T12:14:23.831077+00:00,2025-11-19T12:14:25.705690+00:00,Somewhat confident,No,Other,Less than 1 year,Other,Never used AI art tools,Often,Easy,Composition or perspective,Paintings,Somewhat important,"Yes, rarely",Difficulty proving originality,Somewhat valuable,Somewhat decreased,Surprise,,Non-Artist
31a57d722513,0.7,10,2025-11-18T13:21:29.968992+00:00,2025-11-18T13:21:31.867883+00:00,Not very confident,"Yes, informal (videos, articles, social media)",Hobbyist / art student,4-7 years,"Mixed media,Digital art",Regular user,Very frequently,Difficult,"Overall 'uncanny' feeling,Level of detail/smoothness,Text/writing artifacts","Abstract art,Paintings",Extremely important,"Yes, rarely","Devaluation of human creativity,AI training on work without permission",Very valuable,No change,Frustration,I really loved the interface and the way the task and evaluation was presented. It looks like really great project and super valuable. Congrats!,Artist
3cf81afd0e02,0.6666666666666666,12,2025-11-16T19:52:00.584067+00:00,2025-11-16T19:52:02.440032+00:00,Very confident - I can usually tell immediately,"Yes, informal (videos, articles, social media)",Professional designer,1-3 years,Digital art,Used them a few times,Rarely,Moderate,"Anatomy issues (e.g., hands, faces),Unusual lighting or shadows,Overall 'uncanny' feeling",Abstract art,Very important,Unsure,"Difficulty proving originality,Devaluation of human creativity",Very valuable,Somewhat increased,"Surprise,Frustration",,Artist
3e8f3a43ebec,0.4,10,2025-11-17T03:27:09.270327+00:00,2025-11-17T03:27:11.351168+00:00,Somewhat confident,"Yes, informal (videos, articles, social media)",Other,,,Never used AI art tools,Often,Very difficult,"Texture/brushstrokes,Anatomy issues (e.g., hands, faces)","Paintings,Anime/illustrations,Abstract art",Extremely important,"Yes, rarely","AI training on work without permission,Copyright concerns",Very valuable,Significantly decreased,Frustration,No,Non-Artist
400a2fa1081a,0.8,10,2025-11-16T14:39:31.524919+00:00,2025-11-16T14:40:09.893676+00:00,Not very confident,No,Hobbyist / art student,Less than 1 year,Photography,Used them a few times,Sometimes,Difficult,"Anatomy issues (e.g., hands, faces),Texture/brushstrokes,Unnatural colours / saturation,Text/writing artifacts,Overall 'uncanny' feeling",Paintings,Extremely important,"Yes, occasionally","AI training on work without permission,Difficulty proving originality,Copyright concerns,Devaluation of human creativity,AI content flooding platforms",Very valuable,Not applicable,Curiosity,,Artist
40eb1afbd6d8,0.6,10,2025-11-17T20:02:08.752749+00:00,2025-11-17T20:02:10.647424+00:00,Somewhat confident,No,Other,1-3 years,Digital art,Regular user,Sometimes,Moderate,"Anatomy issues (e.g., hands, faces)",Paintings,Very important,"Yes, occasionally",Devaluation of human creativity,Somewhat valuable,Somewhat decreased,Frustration,,Non-Artist
417d93b65f12,0.6,10,2025-11-18T16:39:51.998550+00:00,2025-11-18T16:40:03.348685+00:00,Not very confident,No,Other,,,Never used AI art tools,Never,Very difficult,"Anatomy issues (e.g., hands, faces),Technical skill displayed,Level of detail/smoothness,Overall 'uncanny' feeling",Anime/illustrations,Extremely important,"Yes, frequently","Difficulty proving originality,Copyright concerns,AI training on work without permission",Very valuable,Not applicable,Surprise,,Non-Artist
4575fee3ab94,0.3636363636363636,11,2025-11-17T22:15:03.210306+00:00,2025-11-17T22:15:23.922327+00:00,Not confident at all - I can rarely tell,No,Other,,None/Not applicable,Regular user,Often,Very difficult,"Anatomy issues (e.g., hands, faces),Unusual lighting or shadows,Composition or perspective,Text/writing artifacts,Repetitive patterns,Level of detail/smoothness,Other,Texture/brushstrokes,Content/Subject matter","Paintings,Abstract art,Sketches,Anime/illustrations",Very important,"Yes, occasionally",,Somewhat valuable,,Curiosity,,Non-Artist
4c68dcd7dae1,0.7,10,2025-11-17T11:45:48.047682+00:00,2025-11-17T11:46:05.315246+00:00,Somewhat confident,No,Hobbyist / art student,,,Never used AI art tools,Often,Moderate,"Unusual lighting or shadows,Overall 'uncanny' feeling,Level of detail/smoothness,Anatomy issues (e.g., hands, faces)",Abstract art,Extremely important,"Yes, occasionally","Devaluation of human creativity,AI training on work without permission,AI content flooding platforms",Very valuable,Not applicable,Indifference,,Artist
4d3c92e06a0d,0.8181818181818182,11,2025-11-18T15:58:22.524290+00:00,2025-11-18T15:58:52.590208+00:00,Very confident - I can usually tell immediately,No,Hobbyist / art student,,,Used them a few times,Sometimes,Moderate,"Repetitive patterns,Anatomy issues (e.g., hands, faces),Unusual lighting or shadows",Anime/illustrations,Extremely important,"Yes, occasionally","Devaluation of human creativity,Difficulty proving originality",Somewhat valuable,,Curiosity,,Artist
5332271a83fd,0.8,10,2025-11-16T20:16:30.273195+00:00,2025-11-16T20:16:54.030147+00:00,Very confident - I can usually tell immediately,No,Other,8-15 years,"Digital art,Sketching",Never used AI art tools,Often,Moderate,"Anatomy issues (e.g., hands, faces),Composition or perspective,Technical skill displayed,Overall 'uncanny' feeling",Anime/illustrations,Extremely important,"Yes, occasionally","Devaluation of human creativity,AI training on work without permission,Copyright concerns",Very valuable,No change,Other,,Non-Artist
56054cc8725e,0.8181818181818182,11,2025-11-16T14:58:46.555668+00:00,2025-11-16T14:58:48.432282+00:00,Somewhat confident,"Yes, informal (videos, articles, social media)",Professional designer,4-7 years,Digital art,Never used AI art tools,Never,Moderate,"Unusual lighting or shadows,Texture/brushstrokes,Overall 'uncanny' feeling,Anatomy issues (e.g., hands, faces),Text/writing artifacts",Abstract art,Very important,"Yes, occasionally","Copyright concerns,AI training on work without permission,Devaluation of human creativity",Very valuable,Unsure,"Surprise,Frustration","In my opinion the main issue with ai is not if and how it will take artists jobs, but how much people will get used to the speed of creating ""high detail artwork"" and i am very concerned how that will translate into the level of appreciation we have for art. what will be the point of art if everyone could ""make"" it?",Artist
5615d364ac05,1.0,10,2025-11-18T15:47:39.648247+00:00,2025-11-18T15:48:25.088907+00:00,Very confident - I can usually tell immediately,No,Professional artist,15+ years,"Digital art,Sketching,Other",Never used AI art tools,Very frequently,Moderate,"Content/Subject matter,Texture/brushstrokes,Text/writing artifacts,Level of detail/smoothness,Overall 'uncanny' feeling,Other",Abstract art,Extremely important,"Yes, occasionally","AI training on work without permission,Copyright concerns,AI content flooding platforms",Somewhat valuable,Unsure,Indifference,"For me, the devil is very much in the detail for AI art. I like detailed pictures, so I've always paid attention to the intricacies of images. The details of AI images frequently just don't make any sense, even if the image overall might look convincing. Human made images have rational details which come from a lived-in understanding of how real things look and function, AI struggles with this because it cannot actually experience or rationalize anything from the outside world.  The problem is most people do not scrutinize images this way, especially if they're scrolling quickly on their phones. I genuinely despise AI imagery and wish it would just go away.  ",Artist
5663640441de,0.4,10,2025-11-25T12:04:55.428928+00:00,2025-11-25T12:06:39.439532+00:00,Somewhat confident,No,Hobbyist / art student,15+ years,None/Not applicable,Never used AI art tools,Never,Moderate,Technical skill displayed,Anime/illustrations,Extremely important,"Yes, rarely",,Very valuable,Somewhat decreased,Indifference,,Artist
57a85ac145ff,0.6,10,2025-11-17T21:11:33.060510+00:00,2025-11-17T21:11:34.956622+00:00,Very confident - I can usually tell immediately,No,Other,,,Never used AI art tools,Rarely,Very difficult,"Unusual lighting or shadows,Unnatural colours / saturation,Repetitive patterns,Level of detail/smoothness,Overall 'uncanny' feeling",Anime/illustrations,Very important,"No, never","AI training on work without permission,Copyright concerns,Difficulty proving originality",Very valuable,,Surprise,,Non-Artist
58c0aeebc357,0.7,10,2025-11-17T09:19:52.543694+00:00,2025-11-17T09:20:50.889789+00:00,Somewhat confident,No,Hobbyist / art student,8-15 years,"Digital art,Sketching",Used them a few times,Very frequently,Moderate,"Texture/brushstrokes,Text/writing artifacts,Level of detail/smoothness,Overall 'uncanny' feeling","Sketches,Abstract art",Extremely important,"Yes, frequently","AI training on work without permission,AI content flooding platforms,Devaluation of human creativity",Very valuable,Unsure,Curiosity,,Artist
5d2618153c00,0.3,10,2025-11-17T13:26:37.463092+00:00,2025-11-17T13:28:08.796562+00:00,Somewhat confident,No,Professional designer,8-15 years,"Mixed media,Digital art",Used them a few times,Very frequently,Very difficult,"Unusual lighting or shadows,Overall 'uncanny' feeling",Paintings,Extremely important,"Yes, frequently","AI content flooding platforms,Difficulty proving originality,Devaluation of human creativity",Very valuable,Unsure,Surprise,"I was surprised how bad I am at telling the difference, I thought it would be much easier.  It makes me realise that the subtly of being able to identify AI visuals probably needs to be talked about more. ",Artist
5e2c1d095503,0.7,10,2025-11-19T00:23:04.723777+00:00,2025-11-19T00:23:06.619720+00:00,Somewhat confident,No,Hobbyist / art student,1-3 years,Other,Used them a few times,Very frequently,Difficult,"Anatomy issues (e.g., hands, faces),Composition or perspective,Overall 'uncanny' feeling,Text/writing artifacts",Abstract art,Very important,"Yes, occasionally","Difficulty proving originality,AI content flooding platforms,Devaluation of human creativity",Very valuable,Not applicable,Curiosity,,Artist
6514ed9cccd7,0.4,10,2025-11-18T03:56:39.393315+00:00,2025-11-18T03:56:41.270403+00:00,Not very confident,No,Other,Less than 1 year,,Never used AI art tools,Never,Moderate,,Abstract art,Very important,"No, never",,Very valuable,No change,Frustration,,Non-Artist
652883188c82,0.7272727272727273,11,2025-11-16T16:31:05.381097+00:00,2025-11-16T16:31:30.110444+00:00,Somewhat confident,No,Other,,,Never used AI art tools,Sometimes,Moderate,"Text/writing artifacts,Anatomy issues (e.g., hands, faces),Overall 'uncanny' feeling",Abstract art,Extremely important,"Yes, occasionally","AI training on work without permission,AI content flooding platforms,Devaluation of human creativity",Somewhat valuable,,Indifference,,Non-Artist
6cd8349ac95e,0.7,10,2025-11-17T05:59:41.939911+00:00,2025-11-17T05:59:44.050138+00:00,Very confident - I can usually tell immediately,"Yes, formal training",AI researcher or developer,1-3 years,"Traditional painting,Digital art,None/Not applicable,Photography",Used them a few times,Sometimes,Very easy,"Anatomy issues (e.g., hands, faces),Repetitive patterns,Text/writing artifacts",Paintings,Very important,"Yes, occasionally","Difficulty proving originality,Copyright concerns,AI content flooding platforms",Somewhat valuable,Somewhat decreased,"Frustration,Curiosity",,Non-Artist
6e6fc6386467,1.0,11,2025-11-16T17:01:20.689708+00:00,2025-11-16T17:02:17.190811+00:00,Very confident - I can usually tell immediately,No,Hobbyist / art student,8-15 years,,Never used AI art tools,Never,Very easy,"Overall 'uncanny' feeling,Content/Subject matter",,Extremely important,Unsure,Devaluation of human creativity,Very valuable,,,,Artist
6f88d8b40c6a,0.7,10,2025-11-18T19:59:44.704174+00:00,2025-11-18T19:59:58.153783+00:00,Somewhat confident,No,Other,,,Never used AI art tools,Sometimes,Moderate,"Texture/brushstrokes,Overall 'uncanny' feeling",,Very important,"Yes, occasionally","Difficulty proving originality,Copyright concerns,AI content flooding platforms",Very valuable,,Curiosity,,Non-Artist
7246b7251498,0.7,10,2025-11-16T20:42:52.410132+00:00,2025-11-16T20:42:54.379523+00:00,Not very confident,No,Other,,,Never used AI art tools,Rarely,Difficult,"Anatomy issues (e.g., hands, faces)",Abstract art,Not important at all,Unsure,"Copyright concerns,Difficulty proving originality",Unsure,,Indifference,,Non-Artist
740fff966b03,0.6,10,2025-11-18T18:44:21.100845+00:00,2025-11-18T18:45:00.203560+00:00,Not confident at all - I can rarely tell,No,Other,15+ years,None/Not applicable,Never used AI art tools,Never,Very easy,Unusual lighting or shadows,"Paintings,Abstract art,Sketches",Extremely important,"No, never",Difficulty proving originality,Very valuable,Not applicable,Curiosity,,Non-Artist
749404e37f62,0.4166666666666667,12,2025-11-22T21:26:07.945084+00:00,2025-11-22T21:26:09.913640+00:00,Not very confident,"Yes, informal (videos, articles, social media)",Hobbyist / art student,,,Never used AI art tools,Often,Moderate,,"Paintings,Sketches",Somewhat important,"Yes, rarely",AI training on work without permission,Very valuable,,Surprise,,Artist
7ab6952fd9a7,0.4,10,2025-11-17T08:17:06.084383+00:00,2025-11-17T08:17:24.678322+00:00,Not very confident,No,Other,,,Used them a few times,Sometimes,Difficult,,"Abstract art,Paintings,Anime/illustrations,Sketches",Very important,"Yes, frequently","AI training on work without permission,Difficulty proving originality,AI content flooding platforms",Somewhat valuable,,"Frustration,Surprise",,Non-Artist
8167056af0ca,0.5833333333333334,12,2025-11-16T19:56:22.001841+00:00,2025-11-16T19:58:11.853362+00:00,Somewhat confident,"Yes, informal (videos, articles, social media)",Other,,None/Not applicable,Never used AI art tools,Never,Very easy,"Overall 'uncanny' feeling,Technical skill displayed",Anime/illustrations,Somewhat important,"No, never","Difficulty proving originality,Copyright concerns",Very valuable,Not applicable,Indifference,,Non-Artist
82aadf12b7c6,0.4,10,2025-11-16T19:21:47.439730+00:00,2025-11-16T19:22:03.157781+00:00,Not very confident,No,Other,,,Never used AI art tools,Often,Very difficult,,Abstract art,Extremely important,"Yes, frequently","Difficulty proving originality,Copyright concerns,AI content flooding platforms",Very valuable,,"Frustration,Curiosity",,Non-Artist
91c30a670d85,0.5,10,2025-11-24T04:42:04.209629+00:00,2025-11-24T04:42:15.090953+00:00,Somewhat confident,No,Hobbyist / art student,8-15 years,"Traditional painting,Mixed media",Regular user,Sometimes,Difficult,,Paintings,Very important,"Yes, frequently","Difficulty proving originality,AI content flooding platforms,AI training on work without permission",Very valuable,Significantly increased,"Surprise,Curiosity",,Artist
9247c857a566,0.8181818181818182,11,2025-11-16T18:34:04.166320+00:00,2025-11-16T18:34:07.279010+00:00,Somewhat confident,No,Other,Less than 1 year,None/Not applicable,Used them a few times,Often,Easy,Texture/brushstrokes,Anime/illustrations,Very important,Unsure,"Difficulty proving originality,Copyright concerns",Very valuable,Somewhat increased,Surprise,,Non-Artist
928af8c7f610,0.9090909090909092,11,2025-11-17T20:40:57.395650+00:00,2025-11-17T20:40:59.297836+00:00,Very confident - I can usually tell immediately,No,Other,,,Never used AI art tools,Often,Very easy,"Unusual lighting or shadows,Anatomy issues (e.g., hands, faces),Repetitive patterns,Level of detail/smoothness","Abstract art,Sketches",Extremely important,"Yes, frequently","Difficulty proving originality,Devaluation of human creativity,AI training on work without permission",Very valuable,,Frustration,,Non-Artist
93a8db68dd69,0.3,10,2025-11-18T20:45:56.127498+00:00,2025-11-18T20:47:22.656856+00:00,Somewhat confident,No,Other,,,Regular user,Sometimes,Moderate,,Paintings,Somewhat important,Unsure,,Very valuable,,,,Non-Artist
97f6acc43607,0.8,10,2025-11-16T14:49:09.975422+00:00,2025-11-16T14:49:37.840692+00:00,Somewhat confident,No,Hobbyist / art student,8-15 years,"Mixed media,Traditional painting,Sketching",Never used AI art tools,Never,Moderate,"Anatomy issues (e.g., hands, faces),Overall 'uncanny' feeling,Unusual lighting or shadows,Level of detail/smoothness,Texture/brushstrokes",Paintings,Very important,"Yes, occasionally","AI training on work without permission,Devaluation of human creativity,Copyright concerns",Very valuable,Not applicable,Frustration,,Artist
99354821988e,0.6363636363636364,11,2025-11-15T03:26:30.612207+00:00,2025-11-15T03:26:49.498265+00:00,Not very confident,No,Hobbyist / art student,4-7 years,"Traditional painting,Photography,Mixed media",Used them a few times,Often,Difficult,"Anatomy issues (e.g., hands, faces),Composition or perspective",Sketches,Extremely important,"Yes, frequently","Difficulty proving originality,Devaluation of human creativity,AI content flooding platforms",Very valuable,Unsure,Curiosity,,Artist
a0fa33d5ddef,0.5,10,2025-11-17T12:27:30.446618+00:00,2025-11-17T12:27:32.929205+00:00,Somewhat confident,No,AI researcher or developer,1-3 years,"Digital art,Mixed media",Never used AI art tools,Sometimes,Difficult,"Anatomy issues (e.g., hands, faces),Texture/brushstrokes","Abstract art,Anime/illustrations,Paintings,Sketches",Extremely important,"Yes, occasionally","AI training on work without permission,Devaluation of human creativity,AI content flooding platforms,Copyright concerns,Difficulty proving originality",Very valuable,Not applicable,"Frustration,Surprise",,Non-Artist
a7d869f950bc,0.7,10,2025-11-16T15:53:06.193138+00:00,2025-11-16T15:53:21.700281+00:00,Very confident - I can usually tell immediately,"Yes, informal (videos, articles, social media)",Hobbyist / art student,8-15 years,"Mixed media,Other",Used them a few times,Often,Easy,"Anatomy issues (e.g., hands, faces),Unusual lighting or shadows,Level of detail/smoothness",Abstract art,Extremely important,"Yes, occasionally","AI training on work without permission,Copyright concerns,Devaluation of human creativity,AI content flooding platforms,Difficulty proving originality",Very valuable,Unsure,"Surprise,Frustration",,Artist
a939e40eeeff,0.5,10,2025-11-17T22:12:53.918795+00:00,2025-11-17T22:12:55.797059+00:00,Somewhat confident,No,Other,,None/Not applicable,Never used AI art tools,Never,Moderate,,Sketches,Very important,"No, never","AI training on work without permission,Copyright concerns,Devaluation of human creativity",Very valuable,,Indifference,,Non-Artist
ad662d59f6a9,0.7,10,2025-11-16T16:18:44.998441+00:00,2025-11-16T16:19:30.910553+00:00,Not very confident,No,Other,,,Never used AI art tools,Sometimes,Difficult,"Anatomy issues (e.g., hands, faces),Text/writing artifacts,Overall 'uncanny' feeling","Paintings,Sketches",Very important,Unsure,"Devaluation of human creativity,Difficulty proving originality,Other",Very valuable,,Other,I am really glad someone is doing research on this matter the internet needs a tool like this.,Non-Artist
b0cb9f7d3928,0.6666666666666666,12,2025-11-15T04:39:13.173981+00:00,2025-11-15T04:39:28.335657+00:00,Somewhat confident,No,Professional designer,1-3 years,"Mixed media,Digital art,Sketching",Used them a few times,Often,Moderate,"Repetitive patterns,Unnatural colours / saturation,Overall 'uncanny' feeling,Anatomy issues (e.g., hands, faces),Composition or perspective,Text/writing artifacts",Abstract art,Somewhat important,"No, never",Copyright concerns,Somewhat valuable,Unsure,Surprise,My favorite image in the questionnaire was ai generated ,Artist
b2688c6cbe7e,0.8,10,2025-11-18T14:45:11.904184+00:00,2025-11-18T14:45:44.602861+00:00,Somewhat confident,"Yes, informal (videos, articles, social media)",Hobbyist / art student,,,Never used AI art tools,Never,Moderate,"Anatomy issues (e.g., hands, faces),Composition or perspective,Level of detail/smoothness",Abstract art,Extremely important,"Yes, frequently","AI training on work without permission,Devaluation of human creativity,AI content flooding platforms",Very valuable,Not applicable,Other,"This was a great survey with a variety of images which sometime proved challenging to identify.  

It would have been helpful to have a score or results page at the end so that I could see how many I got incorrect/correct compared to the AI detection software.",Artist
b41809262523,0.3,10,2025-11-16T16:34:42.968994+00:00,2025-11-16T16:34:44.851612+00:00,Somewhat confident,No,Hobbyist / art student,,,Never used AI art tools,Often,Very difficult,Content/Subject matter,"Anime/illustrations,Abstract art",Extremely important,"Yes, occasionally","Devaluation of human creativity,Difficulty proving originality",Very valuable,,"Frustration,Surprise",,Artist
b4f0e4820b9f,0.7,10,2025-11-16T15:16:56.421949+00:00,2025-11-16T15:16:58.304103+00:00,Somewhat confident,"Yes, informal (videos, articles, social media)",Hobbyist / art student,1-3 years,Other,Never used AI art tools,Often,Moderate,"Anatomy issues (e.g., hands, faces)","Abstract art,Paintings",Very important,"Yes, frequently","AI training on work without permission,Difficulty proving originality,Copyright concerns,Devaluation of human creativity,AI content flooding platforms",Very valuable,No change,Curiosity,,Artist
b71cdcb13c97,0.6,10,2025-11-16T20:16:45.044774+00:00,2025-11-16T20:16:46.938619+00:00,Very confident - I can usually tell immediately,"Yes, informal (videos, articles, social media)",Hobbyist / art student,1-3 years,"Photography,Mixed media",Never used AI art tools,Often,Easy,"Anatomy issues (e.g., hands, faces),Unnatural colours / saturation,Level of detail/smoothness,Overall 'uncanny' feeling",Paintings,Very important,"Yes, frequently","Difficulty proving originality,Copyright concerns,AI content flooding platforms,AI training on work without permission,Devaluation of human creativity",Very valuable,Not applicable,Frustration,,Artist
b96b1d81dae3,0.4,10,2025-11-18T17:23:28.819107+00:00,2025-11-18T17:23:30.700799+00:00,Somewhat confident,No,AI researcher or developer,1-3 years,"Traditional painting,Mixed media",Used them a few times,Often,Difficult,Content/Subject matter,Anime/illustrations,Somewhat important,"Yes, rarely","Copyright concerns,Devaluation of human creativity",Somewhat valuable,Somewhat decreased,Curiosity,..,Non-Artist
bc47b97cfea2,0.6,10,2025-11-17T01:23:56.284953+00:00,2025-11-17T01:24:27.466076+00:00,Somewhat confident,No,Other,,,Never used AI art tools,Very frequently,Easy,Unusual lighting or shadows,Anime/illustrations,Extremely important,"Yes, frequently","Difficulty proving originality,Copyright concerns",Very valuable,Somewhat decreased,Surprise,,Non-Artist
bf4ec839c78d,0.6,25,2025-11-16T16:52:32.357877+00:00,2025-11-16T16:52:34.689611+00:00,Somewhat confident,"Yes, informal (videos, articles, social media)",Other,,,Used them a few times,Sometimes,Difficult,"Anatomy issues (e.g., hands, faces),Overall 'uncanny' feeling",Paintings,Extremely important,"Yes, frequently","Devaluation of human creativity,Copyright concerns,AI training on work without permission",Very valuable,,Frustration,,Non-Artist
c2639157f0c3,0.5,12,2025-11-16T19:43:23.642207+00:00,2025-11-16T19:43:25.618115+00:00,Somewhat confident,No,Hobbyist / art student,4-7 years,Digital art,Used them a few times,Very frequently,Moderate,"Composition or perspective,Overall 'uncanny' feeling,Repetitive patterns,Level of detail/smoothness,Anatomy issues (e.g., hands, faces),Other","Sketches,Abstract art",Extremely important,"Yes, frequently","Difficulty proving originality,Devaluation of human creativity,Copyright concerns,AI training on work without permission,Other",Very valuable,Somewhat decreased,"Curiosity,Frustration",,Artist
c4017c23e1aa,0.9,10,2025-11-17T20:31:40.190010+00:00,2025-11-17T20:32:09.363513+00:00,Very confident - I can usually tell immediately,No,Other,,,Never used AI art tools,Very frequently,Easy,"Anatomy issues (e.g., hands, faces),Overall 'uncanny' feeling,Unnatural colours / saturation",Paintings,Extremely important,"Yes, frequently","Difficulty proving originality,Devaluation of human creativity,AI training on work without permission",Very valuable,,Frustration,,Non-Artist
c5842371f060,0.3,10,2025-11-17T22:11:32.322189+00:00,2025-11-17T22:12:02.127540+00:00,Not very confident,No,Other,,,Never used AI art tools,Very frequently,Difficult,,"Abstract art,Paintings",Not important at all,"Yes, occasionally","Devaluation of human creativity,AI content flooding platforms,AI training on work without permission",Very valuable,,"Surprise,Curiosity",,Non-Artist
c8301e974718,0.7,10,2025-11-16T15:19:48.510178+00:00,2025-11-16T15:20:13.598741+00:00,Somewhat confident,No,Hobbyist / art student,15+ years,Sketching,Never used AI art tools,Sometimes,Difficult,"Text/writing artifacts,Anatomy issues (e.g., hands, faces),Level of detail/smoothness","Anime/illustrations,Paintings",Somewhat important,"Yes, frequently","AI content flooding platforms,Copyright concerns",Very valuable,,Frustration,,Artist
c866a72dd581,0.7,10,2025-11-16T16:18:44.621576+00:00,2025-11-16T16:19:07.181647+00:00,Very confident - I can usually tell immediately,No,Hobbyist / art student,,None/Not applicable,Used them a few times,Very frequently,Moderate,"Unusual lighting or shadows,Technical skill displayed",Paintings,Not very important,"Yes, occasionally",AI training on work without permission,Very valuable,,Frustration,,Artist
cafeb23ec7db,0.7,10,2025-11-16T17:41:27.019527+00:00,2025-11-16T17:41:28.892960+00:00,Not very confident,No,Other,,None/Not applicable,Never used AI art tools,Often,Moderate,,Anime/illustrations,Extremely important,Unsure,AI content flooding platforms,Unsure,Not applicable,,,Non-Artist
cdf31b464c9f,0.6153846153846154,13,2025-11-17T07:47:47.003774+00:00,2025-11-17T07:47:49.165112+00:00,Not very confident,No,Other,,,Never used AI art tools,Sometimes,Moderate,"Anatomy issues (e.g., hands, faces),Unusual lighting or shadows,Text/writing artifacts",Paintings,Extremely important,"Yes, frequently","AI training on work without permission,Difficulty proving originality,Devaluation of human creativity",Very valuable,,"Surprise,Indifference,Frustration",,Non-Artist
d203ca6cea60,0.4,10,2025-11-16T20:46:08.622345+00:00,2025-11-16T20:46:10.496061+00:00,Somewhat confident,"Yes, informal (videos, articles, social media)",Professional designer,4-7 years,"Sketching,Traditional painting,Mixed media",Never used AI art tools,Rarely,Difficult,Overall 'uncanny' feeling,Paintings,Somewhat important,Unsure,"Difficulty proving originality,Copyright concerns,Devaluation of human creativity",Very valuable,Not applicable,"Curiosity,Surprise",,Artist
d23859f1ec51,0.7,10,2025-11-17T18:06:14.502386+00:00,2025-11-17T18:22:50.977065+00:00,Not very confident,No,Hobbyist / art student,1-3 years,"Digital art,Sketching",Never used AI art tools,Never,Moderate,"Anatomy issues (e.g., hands, faces),Overall 'uncanny' feeling,Unusual lighting or shadows","Abstract art,Paintings",Very important,"Yes, occasionally",Copyright concerns,Very valuable,Somewhat increased,"Frustration,Indifference",,Artist
d378b2656699,0.9,10,2025-11-19T20:14:34.159964+00:00,2025-11-19T20:14:47.072487+00:00,Somewhat confident,No,Hobbyist / art student,,,Used them a few times,Very frequently,Moderate,"Content/Subject matter,Unusual lighting or shadows,Anatomy issues (e.g., hands, faces),Unnatural colours / saturation,Text/writing artifacts,Overall 'uncanny' feeling",Abstract art,Extremely important,"Yes, occasionally","Devaluation of human creativity,AI content flooding platforms,AI training on work without permission",Very valuable,Not applicable,Indifference,,Artist
d5faf2f93d8e,1.0,10,2025-11-20T18:31:24.685589+00:00,2025-11-20T18:31:26.574967+00:00,Very confident - I can usually tell immediately,"Yes, informal (videos, articles, social media)",Hobbyist / art student,4-7 years,"Photography,Mixed media",Never used AI art tools,Sometimes,Very easy,"Unusual lighting or shadows,Anatomy issues (e.g., hands, faces),Other","Abstract art,Anime/illustrations",Not very important,Unsure,AI content flooding platforms,Somewhat valuable,Not applicable,"Indifference,Frustration",Easy peasy!,Artist
dd65c2b892ec,1.0,14,2025-11-17T15:31:13.894930+00:00,2025-11-17T15:32:55.100978+00:00,Somewhat confident,"Yes, informal (videos, articles, social media)",Hobbyist / art student,1-3 years,"Digital art,Sketching",Used them a few times,Often,Easy,"Anatomy issues (e.g., hands, faces),Texture/brushstrokes,Level of detail/smoothness,Overall 'uncanny' feeling",Abstract art,Very important,"Yes, frequently","AI training on work without permission,Devaluation of human creativity,AI content flooding platforms",Very valuable,Not applicable,Indifference,,Artist
df5edc14ce50,0.5454545454545454,11,2025-11-18T21:05:22.557919+00:00,2025-11-18T21:05:24.442468+00:00,Not very confident,"Yes, informal (videos, articles, social media)",Hobbyist / art student,4-7 years,"Digital art,Traditional painting,Sketching",Used them a few times,Often,Moderate,"Texture/brushstrokes,Composition or perspective,Content/Subject matter,Unusual lighting or shadows,Anatomy issues (e.g., hands, faces),Text/writing artifacts,Technical skill displayed,Level of detail/smoothness,Overall 'uncanny' feeling","Anime/illustrations,Abstract art,Paintings",Extremely important,"Yes, frequently","AI training on work without permission,Devaluation of human creativity,AI content flooding platforms,Difficulty proving originality",Very valuable,Not applicable,"Frustration,Other,Surprise",Upsetting,Artist
e2204af94a7e,0.9230769230769232,13,2025-11-17T18:04:38.960908+00:00,2025-11-17T18:04:51.604732+00:00,Somewhat confident,"Yes, formal training",Hobbyist / art student,15+ years,"Digital art,Traditional painting,Sketching,Mixed media",Never used AI art tools,Often,Easy,"Texture/brushstrokes,Unusual lighting or shadows,Content/Subject matter,Anatomy issues (e.g., hands, faces),Composition or perspective,Unnatural colours / saturation,Repetitive patterns,Text/writing artifacts,Technical skill displayed,Level of detail/smoothness,Overall 'uncanny' feeling",Abstract art,Extremely important,"Yes, frequently","AI training on work without permission,Difficulty proving originality,Devaluation of human creativity,Copyright concerns,AI content flooding platforms",Very valuable,Significantly decreased,"Frustration,Surprise,Curiosity",Ai can be use in many form that can drive the human technologies to be better but NEVER to replace an artform as it creation are always stole and take from the real artist,Artist
e69f1c8ee7d9,0.7,10,2025-11-17T19:48:05.600045+00:00,2025-11-17T19:48:07.693570+00:00,Not very confident,No,Other,15+ years,None/Not applicable,Never used AI art tools,Sometimes,Moderate,Unnatural colours / saturation,Sketches,Very important,"Yes, frequently","Difficulty proving originality,Copyright concerns,Devaluation of human creativity,AI content flooding platforms",Very valuable,,"Curiosity,Indifference,Frustration",,Non-Artist
ec66187da29b,0.9090909090909092,11,2025-11-15T20:02:42.029280+00:00,2025-11-15T20:03:45.750991+00:00,Not very confident,No,Professional designer,4-7 years,None/Not applicable,Used them a few times,Never,Moderate,,Paintings,Extremely important,"Yes, frequently","AI content flooding platforms,Difficulty proving originality",Very valuable,Somewhat decreased,Other,,Artist
eff7d2a45048,0.6,10,2025-11-26T14:51:53.103742+00:00,2025-11-26T14:51:54.994818+00:00,Not very confident,"Yes, informal (videos, articles, social media)",Other,,None/Not applicable,Never used AI art tools,Sometimes,Very difficult,"Anatomy issues (e.g., hands, faces),Text/writing artifacts","Anime/illustrations,Paintings",Extremely important,"Yes, occasionally","AI content flooding platforms,Devaluation of human creativity",Very valuable,,Frustration,AI is scary,Non-Artist
f2977898ecbc,0.3636363636363636,11,2025-11-18T14:29:37.340183+00:00,2025-11-18T14:29:53.103600+00:00,Somewhat confident,"Yes, informal (videos, articles, social media)",Other,Less than 1 year,None/Not applicable,Used them a few times,Sometimes,Moderate,"Content/Subject matter,Unusual lighting or shadows,Anatomy issues (e.g., hands, faces)","Sketches,Anime/illustrations,Abstract art",Very important,"Yes, occasionally","AI training on work without permission,Difficulty proving originality,AI content flooding platforms",Very valuable,Not applicable,Surprise,"My main concern with unlabeled AI content is that in the future it would be nearly impossible to distinguish original work from AI, whether it's books, movies, history, art, or even ideas, which is really scary. Imagine a world where you can Google/read an article that is full of issues just because it was AI-generated or created based on info that was generated by AI.",Non-Artist
f438c44c29d8,0.4545454545454545,11,2025-11-18T00:48:55.532429+00:00,2025-11-18T00:49:18.845842+00:00,Not very confident,No,Other,,,Never used AI art tools,Very frequently,Difficult,Texture/brushstrokes,Paintings,Extremely important,"Yes, rarely",Copyright concerns,Somewhat valuable,Significantly decreased,Surprise,,Non-Artist
f54e59e36a21,0.7,10,2025-11-16T16:14:29.160212+00:00,2025-11-16T16:14:31.027901+00:00,Not very confident,No,Professional designer,4-7 years,"Digital art,Photography",Used them a few times,Very frequently,Easy,"Anatomy issues (e.g., hands, faces),Overall 'uncanny' feeling,Level of detail/smoothness","Paintings,Anime/illustrations",Extremely important,Unsure,"Difficulty proving originality,Copyright concerns,Devaluation of human creativity",Very valuable,Unsure,Frustration,,Artist
f59a565a0d07,0.7,10,2025-11-17T13:54:19.812077+00:00,2025-11-17T13:55:04.404077+00:00,Very confident - I can usually tell immediately,No,Other,,,Never used AI art tools,Sometimes,Difficult,,"Abstract art,Sketches",Extremely important,Unsure,"AI content flooding platforms,Devaluation of human creativity,Difficulty proving originality",Very valuable,,"Surprise,Frustration",,Non-Artist
f85eb82ea877,0.8,10,2025-11-18T15:42:42.509887+00:00,2025-11-18T15:42:59.296098+00:00,Somewhat confident,"Yes, informal (videos, articles, social media)",AI researcher or developer,Less than 1 year,"Digital art,Sketching",Regular user,Often,Very easy,"Level of detail/smoothness,Unnatural colours / saturation,Texture/brushstrokes",Abstract art,Very important,"Yes, rarely","Copyright concerns,Devaluation of human creativity,AI content flooding platforms",Very valuable,Somewhat increased,Surprise,,Non-Artist
f8958271f363,0.8,10,2025-11-15T02:09:33.263143+00:00,2025-11-15T02:11:22.594367+00:00,Very confident - I can usually tell immediately,"Yes, informal (videos, articles, social media)",Professional designer,8-15 years,Other,Regular user,Often,Moderate,"Anatomy issues (e.g., hands, faces),Text/writing artifacts,Content/Subject matter,Level of detail/smoothness",Abstract art,Very important,Unsure,"AI training on work without permission,Copyright concerns,AI content flooding platforms,Difficulty proving originality",Very valuable,Unsure,Curiosity,,Artist
fa3bd7b3883d,0.6363636363636364,11,2025-11-15T07:07:12.918391+00:00,2025-11-15T07:08:55.075220+00:00,Not very confident,No,Other,1-3 years,"Sketching,Other",Used them a few times,Sometimes,Difficult,"Unusual lighting or shadows,Anatomy issues (e.g., hands, faces),Level of detail/smoothness","Paintings,Abstract art",Extremely important,"Yes, occasionally","Devaluation of human creativity,Difficulty proving originality,AI content flooding platforms",Very valuable,No change,Surprise,,Non-Artist
fd34590d1167,0.8,10,2025-11-17T19:22:39.724758+00:00,2025-11-17T19:22:41.613337+00:00,Somewhat confident,No,Other,,,Never used AI art tools,Never,Easy,"Unusual lighting or shadows,Unnatural colours / saturation",Anime/illustrations,Extremely important,"No, never",Copyright concerns,Unsure,,,,Non-Artist
